WAIC,llpd,pWAIC,pWAIC1
43904.77881560824,-20298.243918915778,1654.1454888883427,1043.6553360819432
